OID_,CID,temp2019,temp2021
929,1,14.9799995,16.8700008
